{"cameraMode":{"drawMode":0,"name":"Shaded","section":"Shading Mode"},"sceneLighting":true,"audioPlay":false,"sceneViewState":{"m_AlwaysRefresh":true,"showFog":true,"showSkybox":true,"showFlares":true,"showImageEffects":true,"showParticleSystems":true,"showVisualEffectGraphs":true,"m_FxEnabled":true},"in2DMode":false,"pivot":{"x":1.7109272480010987,"y":0.3040781021118164,"z":-1.2912511825561524},"rotation":{"x":-0.03093615360558033,"y":0.9678823947906494,"z":-0.19903233647346497,"w":-0.1504407823085785},"size":4.055731296539307,"orthographic":false}