{"cameraMode":{"drawMode":0,"name":"Shaded","section":"Shading Mode"},"sceneLighting":true,"audioPlay":false,"sceneViewState":{"m_AlwaysRefresh":true,"showFog":true,"showSkybox":true,"showFlares":true,"showImageEffects":true,"showParticleSystems":true,"showVisualEffectGraphs":true,"m_FxEnabled":true},"in2DMode":false,"pivot":{"x":8.370084762573243,"y":-4.372607231140137,"z":1.7807941436767579},"rotation":{"x":0.3252982497215271,"y":0.051032423973083499,"z":-0.017556678503751756,"w":0.9441254138946533},"size":8.355083465576172,"orthographic":false}