{"cameraMode":{"drawMode":0,"name":"Shaded","section":"Shading Mode"},"sceneLighting":true,"audioPlay":false,"sceneViewState":{"m_AlwaysRefresh":true,"showFog":true,"showSkybox":true,"showFlares":true,"showImageEffects":true,"showParticleSystems":true,"showVisualEffectGraphs":true,"m_FxEnabled":true},"in2DMode":false,"pivot":{"x":-1.7290198802947999,"y":-1.6457536220550538,"z":6.439736366271973},"rotation":{"x":-0.18814143538475038,"y":0.0212117750197649,"z":-0.004057044163346291,"w":-0.9819241762161255},"size":3.4907522201538088,"orthographic":false}