{"cameraMode":{"drawMode":0,"name":"Shaded","section":"Shading Mode"},"sceneLighting":true,"audioPlay":false,"sceneViewState":{"m_AlwaysRefresh":true,"showFog":true,"showSkybox":true,"showFlares":true,"showImageEffects":true,"showParticleSystems":true,"showVisualEffectGraphs":true,"m_FxEnabled":true},"in2DMode":false,"pivot":{"x":0.4428130090236664,"y":1.004955768585205,"z":-0.24751877784729005},"rotation":{"x":-0.015770230442285539,"y":0.9719927310943604,"z":-0.22431699931621552,"w":-0.0683453381061554},"size":3.144268035888672,"orthographic":false}