{"cameraMode":{"drawMode":0,"name":"Shaded","section":"Shading Mode"},"sceneLighting":true,"audioPlay":false,"sceneViewState":{"m_AlwaysRefresh":true,"showFog":true,"showSkybox":true,"showFlares":true,"showImageEffects":true,"showParticleSystems":true,"showVisualEffectGraphs":true,"m_FxEnabled":true},"in2DMode":false,"pivot":{"x":1.247556447982788,"y":-0.223005011677742,"z":12.210407257080079},"rotation":{"x":0.005685306619852781,"y":0.0380886010825634,"z":0.00022750141215510666,"w":-0.9992835521697998},"size":8.782773971557618,"orthographic":false}