{"cameraMode":{"drawMode":0,"name":"Shaded","section":"Shading Mode"},"sceneLighting":true,"audioPlay":false,"sceneViewState":{"m_AlwaysRefresh":true,"showFog":true,"showSkybox":true,"showFlares":true,"showImageEffects":true,"showParticleSystems":true,"showVisualEffectGraphs":true,"m_FxEnabled":true},"in2DMode":false,"pivot":{"x":-36.151241302490237,"y":8.80943775177002,"z":4.068666458129883},"rotation":{"x":-0.001809211215004325,"y":-0.01740184612572193,"z":0.00003163270230288617,"w":-0.9998493194580078},"size":12.595185279846192,"orthographic":false}