{"cameraMode":{"drawMode":0,"name":"Shaded","section":"Shading Mode"},"sceneLighting":true,"audioPlay":false,"sceneViewState":{"m_AlwaysRefresh":true,"showFog":true,"showSkybox":true,"showFlares":true,"showImageEffects":true,"showParticleSystems":true,"showVisualEffectGraphs":true,"m_FxEnabled":true},"in2DMode":false,"pivot":{"x":1.1909596920013428,"y":-3.200909376144409,"z":12.595731735229493},"rotation":{"x":0.06326998770236969,"y":0.004484282340854406,"z":-0.00026363274082541466,"w":0.9980310201644898},"size":9.552145957946778,"orthographic":false}